{"loss": 0.5316402912139893, "lr": 9e-07, "step": 9, "_timestamp": 1716769767.610234, "_runtime": 28.30862593650818, "_step": 9}