{"loss": 1.0923126935958862, "lr": 3e-06, "step": 15, "_timestamp": 1716775511.761523, "_runtime": 180.15723204612732, "_step": 15}