{"loss": 1.0709108114242554, "lr": 3.8e-06, "step": 19, "_timestamp": 1716775591.2919834, "_runtime": 26.32481026649475, "_step": 19}