{"loss": 0.43451356887817383, "lr": 1.0000000000000002e-06, "step": 5, "_timestamp": 1714345833.3366537, "_runtime": 76.01823282241821, "_step": 5}