{"loss": 0.7604126930236816, "lr": 2e-05, "step": 9, "_timestamp": 1718065514.2032535, "_runtime": 24.18846344947815, "_step": 9}