{"loss": 1.1236611604690552, "lr": 2.2e-06, "step": 11, "_timestamp": 1716772127.6306915, "_runtime": 1770.5192565917969, "_step": 11}