{"loss": 0.189003586769104, "lr": 0.0001, "step": 9, "_timestamp": 1716873654.2049272, "_runtime": 20.93081021308899, "_step": 9}