{"loss": 0.2713335156440735, "lr": 1.2800000000000001e-05, "step": 128, "_timestamp": 1716770023.2792883, "_runtime": 150.42744421958923, "_step": 128}