{"loss": 0.11387099325656891, "lr": 0.0001, "step": 10, "_timestamp": 1716778421.3272076, "_runtime": 82.05824756622314, "_step": 10}