{"loss": 0.5756146907806396, "lr": 1.6000000000000001e-06, "step": 8, "_timestamp": 1713406384.546058, "_runtime": 108.26723003387451, "_step": 8}