{"loss": 0.33531874418258667, "lr": 2e-05, "step": 23, "_timestamp": 1718065457.6699831, "_runtime": 63.56616425514221, "_step": 23}