{"loss": 1.0298805236816406, "lr": 2.0000000000000003e-06, "step": 10, "_timestamp": 1716775986.18812, "_runtime": 39.19514989852905, "_step": 10}