{"loss": 0.27082282304763794, "lr": 5.620000000000001e-05, "step": 281, "_timestamp": 1714353678.7002752, "_runtime": 467.1326801776886, "_step": 281}