{"loss": 0.2532857358455658, "lr": 1.48e-05, "step": 74, "_timestamp": 1713415536.442768, "_runtime": 131.95737409591675, "_step": 74}