{"loss": 0.1459595412015915, "lr": 0.0001, "step": 10, "_timestamp": 1716785807.1220236, "_runtime": 85.49224066734314, "_step": 10}