{"loss": 0.21665295958518982, "lr": 0.0001, "step": 10, "_timestamp": 1716867712.408888, "_runtime": 112.80509614944458, "_step": 10}