{"loss": 1.1342895030975342, "lr": 2.0000000000000003e-06, "step": 10, "_timestamp": 1716770320.336769, "_runtime": 50.83246612548828, "_step": 10}