{"loss": 0.6004927754402161, "lr": 1.8e-06, "step": 9, "_timestamp": 1714435838.6136782, "_runtime": 67.35799527168274, "_step": 9}