{"loss": 0.5240166187286377, "lr": 1.4000000000000001e-06, "step": 7, "_timestamp": 1714138366.8442316, "_runtime": 40.23504567146301, "_step": 7}