{"loss": 0.20773464441299438, "lr": 1.3600000000000002e-05, "step": 136, "_timestamp": 1716173868.2956514, "_runtime": 331.33618450164795, "_step": 136}